"0","1"
"1","2"
"2","3"
"3","4"
"4","5"
"5","6"
"6","7"
"7","8"
"8","9"
"9","10"
"10","11"
"11","12"
"12","13"
"13","14"
"14","15"
"15","16"
"16","17"
"17","18"
"18","19"
"19","0"
"20","21"
"20","0"
"21","22"
"21","1"
"22","23"
"22","2"
"23","24"
"23","3"
"24","25"
"24","4"
"25","26"
"25","5"
"26","27"
"26","6"
"27","28"
"27","7"
"28","29"
"28","8"
"29","30"
"29","9"
"30","31"
"30","10"
"31","32"
"31","11"
"32","33"
"32","12"
"33","34"
"33","13"
"34","35"
"34","14"
"35","36"
"35","15"
"36","37"
"36","16"
"37","38"
"37","17"
"38","39"
"38","18"
"39","20"
"39","19"
"40","41"
"40","20"
"41","42"
"41","21"
"42","43"
"42","22"
"43","44"
"43","23"
"44","45"
"44","24"
"45","46"
"45","25"
"46","47"
"46","26"
"47","48"
"47","27"
"48","49"
"48","28"
"49","50"
"49","29"
"50","51"
"50","30"
"51","52"
"51","31"
"52","53"
"52","32"
"53","54"
"53","33"
"54","55"
"54","34"
"55","56"
"55","35"
"56","57"
"56","36"
"57","58"
"57","37"
"58","59"
"58","38"
"59","40"
"59","39"
"60","61"
"60","40"
"61","62"
"61","41"
"62","63"
"62","42"
"63","64"
"63","43"
"64","65"
"64","44"
"65","66"
"65","45"
"66","67"
"66","46"
"67","68"
"67","47"
"68","69"
"68","48"
"69","70"
"69","49"
"70","71"
"70","50"
"71","72"
"71","51"
"72","73"
"72","52"
"73","74"
"73","53"
"74","75"
"74","54"
"75","76"
"75","55"
"76","77"
"76","56"
"77","78"
"77","57"
"78","79"
"78","58"
"79","60"
"79","59"
"80","81"
"80","60"
"81","82"
"81","61"
"82","83"
"82","62"
"83","84"
"83","63"
"84","85"
"84","64"
"85","86"
"85","65"
"86","87"
"86","66"
"87","88"
"87","67"
"88","89"
"88","68"
"89","90"
"89","69"
"90","91"
"90","70"
"91","92"
"91","71"
"92","93"
"92","72"
"93","94"
"93","73"
"94","95"
"94","74"
"95","96"
"95","75"
"96","97"
"96","76"
"97","98"
"97","77"
"98","99"
"98","78"
"99","80"
"99","79"
"100","101"
"100","80"
"101","102"
"101","81"
"102","103"
"102","82"
"103","104"
"103","83"
"104","105"
"104","84"
"105","106"
"105","85"
"106","107"
"106","86"
"107","108"
"107","87"
"108","109"
"108","88"
"109","110"
"109","89"
"110","111"
"110","90"
"111","112"
"111","91"
"112","113"
"112","92"
"113","114"
"113","93"
"114","115"
"114","94"
"115","116"
"115","95"
"116","117"
"116","96"
"117","118"
"117","97"
"118","119"
"118","98"
"119","100"
"119","99"
"120","121"
"120","100"
"121","122"
"121","101"
"122","123"
"122","102"
"123","124"
"123","103"
"124","125"
"124","104"
"125","126"
"125","105"
"126","127"
"126","106"
"127","128"
"127","107"
"128","129"
"128","108"
"129","130"
"129","109"
"130","131"
"130","110"
"131","132"
"131","111"
"132","133"
"132","112"
"133","134"
"133","113"
"134","135"
"134","114"
"135","136"
"135","115"
"136","137"
"136","116"
"137","138"
"137","117"
"138","139"
"138","118"
"139","120"
"139","119"
"140","141"
"140","120"
"141","142"
"141","121"
"142","143"
"142","122"
"143","144"
"143","123"
"144","145"
"144","124"
"145","146"
"145","125"
"146","147"
"146","126"
"147","148"
"147","127"
"148","149"
"148","128"
"149","150"
"149","129"
"150","151"
"150","130"
"151","152"
"151","131"
"152","153"
"152","132"
"153","154"
"153","133"
"154","155"
"154","134"
"155","156"
"155","135"
"156","157"
"156","136"
"157","158"
"157","137"
"158","159"
"158","138"
"159","140"
"159","139"
"160","161"
"160","140"
"161","162"
"161","141"
"162","163"
"162","142"
"163","164"
"163","143"
"164","165"
"164","144"
"165","166"
"165","145"
"166","167"
"166","146"
"167","168"
"167","147"
"168","169"
"168","148"
"169","170"
"169","149"
"170","171"
"170","150"
"171","172"
"171","151"
"172","173"
"172","152"
"173","174"
"173","153"
"174","175"
"174","154"
"175","176"
"175","155"
"176","177"
"176","156"
"177","178"
"177","157"
"178","179"
"178","158"
"179","160"
"179","159"
"180","181"
"180","160"
"181","182"
"181","161"
"182","183"
"182","162"
"183","184"
"183","163"
"184","185"
"184","164"
"185","186"
"185","165"
"186","187"
"186","166"
"187","188"
"187","167"
"188","189"
"188","168"
"189","190"
"189","169"
"190","191"
"190","170"
"191","192"
"191","171"
"192","193"
"192","172"
"193","194"
"193","173"
"194","195"
"194","174"
"195","196"
"195","175"
"196","197"
"196","176"
"197","198"
"197","177"
"198","199"
"198","178"
"199","180"
"199","179"
"200","201"
"200","180"
"201","202"
"201","181"
"202","203"
"202","182"
"203","204"
"203","183"
"204","205"
"204","184"
"205","206"
"205","185"
"206","207"
"206","186"
"207","208"
"207","187"
"208","209"
"208","188"
"209","210"
"209","189"
"210","211"
"210","190"
"211","212"
"211","191"
"212","213"
"212","192"
"213","214"
"213","193"
"214","215"
"214","194"
"215","216"
"215","195"
"216","217"
"216","196"
"217","218"
"217","197"
"218","219"
"218","198"
"219","200"
"219","199"
"220","221"
"220","200"
"221","222"
"221","201"
"222","223"
"222","202"
"223","224"
"223","203"
"224","225"
"224","204"
"225","226"
"225","205"
"226","227"
"226","206"
"227","228"
"227","207"
"228","229"
"228","208"
"229","230"
"229","209"
"230","231"
"230","210"
"231","232"
"231","211"
"232","233"
"232","212"
"233","234"
"233","213"
"234","235"
"234","214"
"235","236"
"235","215"
"236","237"
"236","216"
"237","238"
"237","217"
"238","239"
"238","218"
"239","220"
"239","219"
"240","241"
"240","220"
"241","242"
"241","221"
"242","243"
"242","222"
"243","244"
"243","223"
"244","245"
"244","224"
"245","246"
"245","225"
"246","247"
"246","226"
"247","248"
"247","227"
"248","249"
"248","228"
"249","250"
"249","229"
"250","251"
"250","230"
"251","252"
"251","231"
"252","253"
"252","232"
"253","254"
"253","233"
"254","255"
"254","234"
"255","256"
"255","235"
"256","257"
"256","236"
"257","258"
"257","237"
"258","259"
"258","238"
"259","240"
"259","239"
"260","261"
"260","240"
"261","262"
"261","241"
"262","263"
"262","242"
"263","264"
"263","243"
"264","265"
"264","244"
"265","266"
"265","245"
"266","267"
"266","246"
"267","268"
"267","247"
"268","269"
"268","248"
"269","270"
"269","249"
"270","271"
"270","250"
"271","272"
"271","251"
"272","273"
"272","252"
"273","274"
"273","253"
"274","275"
"274","254"
"275","276"
"275","255"
"276","277"
"276","256"
"277","278"
"277","257"
"278","279"
"278","258"
"279","260"
"279","259"
"280","281"
"280","260"
"281","282"
"281","261"
"282","283"
"282","262"
"283","284"
"283","263"
"284","285"
"284","264"
"285","286"
"285","265"
"286","287"
"286","266"
"287","288"
"287","267"
"288","289"
"288","268"
"289","290"
"289","269"
"290","291"
"290","270"
"291","292"
"291","271"
"292","293"
"292","272"
"293","294"
"293","273"
"294","295"
"294","274"
"295","296"
"295","275"
"296","297"
"296","276"
"297","298"
"297","277"
"298","299"
"298","278"
"299","280"
"299","279"
"300","301"
"300","280"
"301","302"
"301","281"
"302","303"
"302","282"
"303","304"
"303","283"
"304","305"
"304","284"
"305","306"
"305","285"
"306","307"
"306","286"
"307","308"
"307","287"
"308","309"
"308","288"
"309","310"
"309","289"
"310","311"
"310","290"
"311","312"
"311","291"
"312","313"
"312","292"
"313","314"
"313","293"
"314","315"
"314","294"
"315","316"
"315","295"
"316","317"
"316","296"
"317","318"
"317","297"
"318","319"
"318","298"
"319","300"
"319","299"
"320","321"
"320","300"
"321","322"
"321","301"
"322","323"
"322","302"
"323","324"
"323","303"
"324","325"
"324","304"
"325","326"
"325","305"
"326","327"
"326","306"
"327","328"
"327","307"
"328","329"
"328","308"
"329","330"
"329","309"
"330","331"
"330","310"
"331","332"
"331","311"
"332","333"
"332","312"
"333","334"
"333","313"
"334","335"
"334","314"
"335","336"
"335","315"
"336","337"
"336","316"
"337","338"
"337","317"
"338","339"
"338","318"
"339","320"
"339","319"
"340","341"
"340","320"
"341","342"
"341","321"
"342","343"
"342","322"
"343","344"
"343","323"
"344","345"
"344","324"
"345","346"
"345","325"
"346","347"
"346","326"
"347","348"
"347","327"
"348","349"
"348","328"
"349","350"
"349","329"
"350","351"
"350","330"
"351","352"
"351","331"
"352","353"
"352","332"
"353","354"
"353","333"
"354","355"
"354","334"
"355","356"
"355","335"
"356","357"
"356","336"
"357","358"
"357","337"
"358","359"
"358","338"
"359","340"
"359","339"
"360","361"
"360","340"
"361","362"
"361","341"
"362","363"
"362","342"
"363","364"
"363","343"
"364","365"
"364","344"
"365","366"
"365","345"
"366","367"
"366","346"
"367","368"
"367","347"
"368","369"
"368","348"
"369","370"
"369","349"
"370","371"
"370","350"
"371","372"
"371","351"
"372","373"
"372","352"
"373","374"
"373","353"
"374","375"
"374","354"
"375","376"
"375","355"
"376","377"
"376","356"
"377","378"
"377","357"
"378","379"
"378","358"
"379","360"
"379","359"
"380","381"
"380","360"
"381","382"
"381","361"
"382","383"
"382","362"
"383","384"
"383","363"
"384","385"
"384","364"
"385","386"
"385","365"
"386","387"
"386","366"
"387","388"
"387","367"
"388","389"
"388","368"
"389","390"
"389","369"
"390","391"
"390","370"
"391","392"
"391","371"
"392","393"
"392","372"
"393","394"
"393","373"
"394","395"
"394","374"
"395","396"
"395","375"
"396","397"
"396","376"
"397","398"
"397","377"
"398","399"
"398","378"
"399","380"
"399","379"
"400","401"
"400","380"
"401","402"
"401","381"
"402","403"
"402","382"
"403","404"
"403","383"
"404","405"
"404","384"
"405","406"
"405","385"
"406","407"
"406","386"
"407","408"
"407","387"
"408","409"
"408","388"
"409","410"
"409","389"
"410","411"
"410","390"
"411","412"
"411","391"
"412","413"
"412","392"
"413","414"
"413","393"
"414","415"
"414","394"
"415","416"
"415","395"
"416","417"
"416","396"
"417","418"
"417","397"
"418","419"
"418","398"
"419","400"
"419","399"
"420","421"
"420","400"
"421","422"
"421","401"
"422","423"
"422","402"
"423","424"
"423","403"
"424","425"
"424","404"
"425","426"
"425","405"
"426","427"
"426","406"
"427","428"
"427","407"
"428","429"
"428","408"
"429","430"
"429","409"
"430","431"
"430","410"
"431","432"
"431","411"
"432","433"
"432","412"
"433","434"
"433","413"
"434","435"
"434","414"
"435","436"
"435","415"
"436","437"
"436","416"
"437","438"
"437","417"
"438","439"
"438","418"
"439","420"
"439","419"
"440","441"
"440","420"
"441","442"
"441","421"
"442","443"
"442","422"
"443","444"
"443","423"
"444","445"
"444","424"
"445","446"
"445","425"
"446","447"
"446","426"
"447","448"
"447","427"
"448","449"
"448","428"
"449","450"
"449","429"
"450","451"
"450","430"
"451","452"
"451","431"
"452","453"
"452","432"
"453","454"
"453","433"
"454","455"
"454","434"
"455","456"
"455","435"
"456","457"
"456","436"
"457","458"
"457","437"
"458","459"
"458","438"
"459","440"
"459","439"
"460","461"
"460","440"
"461","462"
"461","441"
"462","463"
"462","442"
"463","464"
"463","443"
"464","465"
"464","444"
"465","466"
"465","445"
"466","467"
"466","446"
"467","468"
"467","447"
"468","469"
"468","448"
"469","470"
"469","449"
"470","471"
"470","450"
"471","472"
"471","451"
"472","473"
"472","452"
"473","474"
"473","453"
"474","475"
"474","454"
"475","476"
"475","455"
"476","477"
"476","456"
"477","478"
"477","457"
"478","479"
"478","458"
"479","460"
"479","459"
"480","481"
"480","460"
"481","482"
"481","461"
"482","483"
"482","462"
"483","484"
"483","463"
"484","485"
"484","464"
"485","486"
"485","465"
"486","487"
"486","466"
"487","488"
"487","467"
"488","489"
"488","468"
"489","490"
"489","469"
"490","491"
"490","470"
"491","492"
"491","471"
"492","493"
"492","472"
"493","494"
"493","473"
"494","495"
"494","474"
"495","496"
"495","475"
"496","497"
"496","476"
"497","498"
"497","477"
"498","499"
"498","478"
"499","480"
"499","479"
"500","501"
"500","480"
"501","502"
"501","481"
"502","503"
"502","482"
"503","504"
"503","483"
"504","505"
"504","484"
"505","506"
"505","485"
"506","507"
"506","486"
"507","508"
"507","487"
"508","509"
"508","488"
"509","510"
"509","489"
"510","511"
"510","490"
"511","512"
"511","491"
"512","513"
"512","492"
"513","514"
"513","493"
"514","515"
"514","494"
"515","516"
"515","495"
"516","517"
"516","496"
"517","518"
"517","497"
"518","519"
"518","498"
"519","500"
"519","499"
"520","521"
"520","500"
"521","522"
"521","501"
"522","523"
"522","502"
"523","524"
"523","503"
"524","525"
"524","504"
"525","526"
"525","505"
"526","527"
"526","506"
"527","528"
"527","507"
"528","529"
"528","508"
"529","530"
"529","509"
"530","531"
"530","510"
"531","532"
"531","511"
"532","533"
"532","512"
"533","534"
"533","513"
"534","535"
"534","514"
"535","536"
"535","515"
"536","537"
"536","516"
"537","538"
"537","517"
"538","539"
"538","518"
"539","520"
"539","519"
"540","541"
"540","520"
"541","542"
"541","521"
"542","543"
"542","522"
"543","544"
"543","523"
"544","545"
"544","524"
"545","546"
"545","525"
"546","547"
"546","526"
"547","548"
"547","527"
"548","549"
"548","528"
"549","550"
"549","529"
"550","551"
"550","530"
"551","552"
"551","531"
"552","553"
"552","532"
"553","554"
"553","533"
"554","555"
"554","534"
"555","556"
"555","535"
"556","557"
"556","536"
"557","558"
"557","537"
"558","559"
"558","538"
"559","540"
"559","539"
"560","561"
"560","540"
"561","562"
"561","541"
"562","563"
"562","542"
"563","564"
"563","543"
"564","565"
"564","544"
"565","566"
"565","545"
"566","567"
"566","546"
"567","568"
"567","547"
"568","569"
"568","548"
"569","570"
"569","549"
"570","571"
"570","550"
"571","572"
"571","551"
"572","573"
"572","552"
"573","574"
"573","553"
"574","575"
"574","554"
"575","576"
"575","555"
"576","577"
"576","556"
"577","578"
"577","557"
"578","579"
"578","558"
"579","560"
"579","559"
"580","581"
"580","560"
"581","582"
"581","561"
"582","583"
"582","562"
"583","584"
"583","563"
"584","585"
"584","564"
"585","586"
"585","565"
"586","587"
"586","566"
"587","588"
"587","567"
"588","589"
"588","568"
"589","590"
"589","569"
"590","591"
"590","570"
"591","592"
"591","571"
"592","593"
"592","572"
"593","594"
"593","573"
"594","595"
"594","574"
"595","596"
"595","575"
"596","597"
"596","576"
"597","598"
"597","577"
"598","599"
"598","578"
"599","580"
"599","579"
"600","601"
"600","580"
"601","602"
"601","581"
"602","603"
"602","582"
"603","604"
"603","583"
"604","605"
"604","584"
"605","606"
"605","585"
"606","607"
"606","586"
"607","608"
"607","587"
"608","609"
"608","588"
"609","610"
"609","589"
"610","611"
"610","590"
"611","612"
"611","591"
"612","613"
"612","592"
"613","614"
"613","593"
"614","615"
"614","594"
"615","616"
"615","595"
"616","617"
"616","596"
"617","618"
"617","597"
"618","619"
"618","598"
"619","600"
"619","599"
