"CEO","0"
"0","CEO"
"1","CEO"
"2","CEO"
"3","CEO"
"4","CEO"
"5","CEO"
"0","0"
"1","0"
"2","0"
"3","0"
"10","1"
"20","2"
"21","2"
"22","2"
"23","2"
"24","2"
"25","2"
"26","2"
"30","3"
"31","3"
"40","4"
"41","4"
"42","4"
"43","4"
"44","4"
"45","4"
"46","4"
"47","4"
"50","5"
"51","5"
"52","5"
"0","0"
"1","0"
"2","0"
"10","1"
"11","1"
"12","1"
"13","1"
"14","1"
"15","1"
"16","1"
"17","1"
"18","1"
"20","2"
"21","2"
"22","2"
"23","2"
"24","2"
"30","3"
"31","3"
"32","3"
"33","3"
"34","3"
"35","3"
"100","10"
"200","20"
"201","20"
"202","20"
"203","20"
"210","21"
"211","21"
"212","21"
"213","21"
"214","21"
"215","21"
"220","22"
"221","22"
"222","22"
"223","22"
"224","22"
"225","22"
"226","22"
"227","22"
"228","22"
"230","23"
"240","24"
"241","24"
"242","24"
"250","25"
"251","25"
"252","25"
"260","26"
"261","26"
"300","30"
"301","30"
"310","31"
"311","31"
"312","31"
"313","31"
"400","40"
"401","40"
"402","40"
"403","40"
"404","40"
"405","40"
"406","40"
"407","40"
"410","41"
"411","41"
"420","42"
"421","42"
"422","42"
"423","42"
"424","42"
"425","42"
"430","43"
"431","43"
"432","43"
"440","44"
"441","44"
"450","45"
"451","45"
"452","45"
"453","45"
"454","45"
"455","45"
"456","45"
"460","46"
"470","47"
"471","47"
"472","47"
"473","47"
"474","47"
"475","47"
"476","47"
"500","50"
"510","51"
"511","51"
"512","51"
"513","51"
"514","51"
"515","51"
"516","51"
"517","51"
"520","52"
"521","52"
"0","0"
"1","0"
"2","0"
"10","1"
"11","1"
"12","1"
"13","1"
"14","1"
"15","1"
"16","1"
"17","1"
"18","1"
"20","2"
"21","2"
"100","10"
"101","10"
"102","10"
"103","10"
"110","11"
"111","11"
"112","11"
"120","12"
"121","12"
"122","12"
"123","12"
"130","13"
"131","13"
"132","13"
"133","13"
"134","13"
"135","13"
"136","13"
"140","14"
"141","14"
"142","14"
"143","14"
"144","14"
"145","14"
"150","15"
"151","15"
"152","15"
"153","15"
"160","16"
"161","16"
"162","16"
"163","16"
"164","16"
"170","17"
"171","17"
"172","17"
"173","17"
"174","17"
"175","17"
"176","17"
"177","17"
"178","17"
"180","18"
"181","18"
"200","20"
"201","20"
"210","21"
"211","21"
"212","21"
"213","21"
"214","21"
"215","21"
"220","22"
"221","22"
"230","23"
"231","23"
"232","23"
"233","23"
"234","23"
"240","24"
"241","24"
"242","24"
"243","24"
"244","24"
"245","24"
"246","24"
"247","24"
"300","30"
"301","30"
"302","30"
"310","31"
"311","31"
"320","32"
"321","32"
"322","32"
"330","33"
"331","33"
"332","33"
"333","33"
"334","33"
"335","33"
"336","33"
"337","33"
"338","33"
"340","34"
"350","35"
"351","35"
"352","35"
"353","35"
"354","35"
"355","35"
"356","35"
"1000","100"
"1001","100"
"1002","100"
"1003","100"
"1004","100"
"1005","100"
"1006","100"
"2000","200"
"2001","200"
"2002","200"
"2003","200"
"2010","201"
"2011","201"
"2012","201"
"2013","201"
"2014","201"
"2020","202"
"2021","202"
"2030","203"
"2031","203"
"2100","210"
"2101","210"
"2102","210"
"2103","210"
"2104","210"
"2105","210"
"2110","211"
"2111","211"
"2112","211"
"2120","212"
"2121","212"
"2122","212"
"2123","212"
"2124","212"
"2125","212"
"2130","213"
"2131","213"
"2132","213"
"2133","213"
"2134","213"
"2135","213"
"2136","213"
"2137","213"
"2138","213"
"2140","214"
"2141","214"
"2142","214"
"2143","214"
"2144","214"
"2145","214"
"2146","214"
"2150","215"
"2151","215"
"2152","215"
"2153","215"
"2154","215"
"2200","220"
"2201","220"
"2202","220"
"2203","220"
"2210","221"
"2220","222"
"2221","222"
"2222","222"
"2223","222"
"2224","222"
"2230","223"
"2231","223"
"2240","224"
"2241","224"
"2242","224"
"2243","224"
"2244","224"
"2250","225"
"2251","225"
"2252","225"
"2253","225"
"2254","225"
"2260","226"
"2261","226"
"2262","226"
"2263","226"
"2264","226"
"2265","226"
"2266","226"
"2267","226"
"2270","227"
"2280","228"
"2281","228"
"2282","228"
"2283","228"
"2284","228"
"2285","228"
"2286","228"
"2287","228"
"2300","230"
"2301","230"
"2302","230"
"2303","230"
"2400","240"
"2410","241"
"2411","241"
"2412","241"
"2420","242"
"2500","250"
"2501","250"
"2502","250"
"2503","250"
"2504","250"
"2505","250"
"2506","250"
"2507","250"
"2508","250"
"2510","251"
"2511","251"
"2512","251"
"2513","251"
"2514","251"
"2515","251"
"2516","251"
"2517","251"
"2520","252"
"2521","252"
"2522","252"
"2523","252"
"2524","252"
"2525","252"
"2526","252"
"2527","252"
"2600","260"
"2601","260"
"2602","260"
"2603","260"
"2604","260"
"2605","260"
"2606","260"
"2607","260"
"2610","261"
"2611","261"
"2612","261"
"2613","261"
"2614","261"
"3000","300"
"3001","300"
"3002","300"
"3003","300"
"3004","300"
"3010","301"
"3011","301"
"3100","310"
"3101","310"
"3102","310"
"3103","310"
"3104","310"
"3105","310"
"3106","310"
"3107","310"
"3110","311"
"3111","311"
"3112","311"
"3113","311"
"3114","311"
"3115","311"
"3120","312"
"3121","312"
"3122","312"
"3123","312"
"3124","312"
"3130","313"
"3131","313"
"3132","313"
"3133","313"
"4000","400"
"4001","400"
"4002","400"
"4003","400"
"4004","400"
"4005","400"
"4006","400"
"4007","400"
"4008","400"
"4010","401"
"4011","401"
"4012","401"
"4013","401"
"4014","401"
"4015","401"
"4016","401"
"4017","401"
"4018","401"
"4020","402"
"4021","402"
"4030","403"
"4040","404"
"4041","404"
"4042","404"
"4043","404"
"4044","404"
"4045","404"
"4046","404"
"4047","404"
"4050","405"
"4051","405"
"4052","405"
"4053","405"
"4054","405"
"4055","405"
"4060","406"
"4061","406"
"4062","406"
"4063","406"
"4064","406"
"4065","406"
"4066","406"
"4070","407"
"4071","407"
"4072","407"
"4100","410"
"4101","410"
"4102","410"
"4103","410"
"4110","411"
"4111","411"
"4112","411"
"4113","411"
"4114","411"
"4115","411"
"4116","411"
"4117","411"
"4118","411"
"4200","420"
"4201","420"
"4202","420"
"4210","421"
"4211","421"
"4212","421"
"4213","421"
"4214","421"
"4215","421"
"4220","422"
"4221","422"
"4222","422"
"4230","423"
"4231","423"
"4232","423"
"4233","423"
"4234","423"
"4235","423"
"4236","423"
"4237","423"
"4238","423"
"4240","424"
"4241","424"
"4242","424"
"4243","424"
"4244","424"
"4250","425"
"4251","425"
"4252","425"
"4253","425"
"4254","425"
"4255","425"
"4256","425"
"4257","425"
"4300","430"
"4310","431"
"4311","431"
"4320","432"
"4321","432"
"4322","432"
"4323","432"
"4324","432"
"4325","432"
"4326","432"
"4327","432"
"4400","440"
"4401","440"
"4402","440"
"4410","441"
"4500","450"
"4501","450"
"4502","450"
"4503","450"
"4504","450"
"4505","450"
"4506","450"
"4510","451"
"4511","451"
"4512","451"
"4513","451"
"4514","451"
"4515","451"
"4516","451"
"4517","451"
"4518","451"
"4520","452"
"4521","452"
"4522","452"
"4523","452"
"4524","452"
"4525","452"
"4526","452"
"4527","452"
"4530","453"
"4540","454"
"4541","454"
"4542","454"
"4543","454"
"4550","455"
"4551","455"
"4552","455"
"4553","455"
"4560","456"
"4561","456"
"4562","456"
"4563","456"
"4564","456"
"4565","456"
"4566","456"
"4600","460"
"4601","460"
"4602","460"
"4700","470"
"4701","470"
"4702","470"
"4703","470"
"4704","470"
"4710","471"
"4711","471"
"4712","471"
"4713","471"
"4714","471"
"4720","472"
"4721","472"
"4722","472"
"4723","472"
"4724","472"
"4730","473"
"4731","473"
"4732","473"
"4733","473"
"4734","473"
"4735","473"
"4736","473"
"4740","474"
"4741","474"
"4742","474"
"4743","474"
"4744","474"
"4745","474"
"4746","474"
"4747","474"
"4748","474"
"4750","475"
"4751","475"
"4752","475"
"4753","475"
"4754","475"
"4755","475"
"4756","475"
"4760","476"
"4761","476"
"4762","476"
"4763","476"
"4764","476"
"5000","500"
"5001","500"
"5002","500"
"5003","500"
"5100","510"
"5101","510"
"5102","510"
"5110","511"
"5111","511"
"5112","511"
"5120","512"
"5121","512"
"5122","512"
"5123","512"
"5124","512"
"5130","513"
"5131","513"
"5132","513"
"5140","514"
"5141","514"
"5142","514"
"5143","514"
"5144","514"
"5145","514"
"5146","514"
"5147","514"
"5148","514"
"5150","515"
"5151","515"
"5160","516"
"5161","516"
"5162","516"
"5163","516"
"5164","516"
"5165","516"
"5166","516"
"5170","517"
"5171","517"
"5172","517"
"5173","517"
"5174","517"
"5175","517"
"5176","517"
"5177","517"
"5178","517"
"5200","520"
"5210","521"
"5211","521"
"5212","521"
"5213","521"
"5214","521"
"0","0"
"1","0"
"2","0"
"3","0"
"4","0"
"5","0"
"6","0"
"7","0"
"8","0"
"10","1"
"20","2"
"21","2"
"22","2"
"100","10"
"101","10"
"102","10"
"110","11"
"111","11"
"112","11"
"120","12"
"121","12"
"122","12"
"123","12"
"124","12"
"125","12"
"126","12"
"130","13"
"131","13"
"132","13"
"140","14"
"141","14"
"142","14"
"143","14"
"144","14"
"145","14"
"146","14"
"147","14"
"150","15"
"151","15"
"152","15"
"153","15"
"154","15"
"155","15"
"156","15"
"160","16"
"161","16"
"162","16"
"163","16"
"164","16"
"170","17"
"171","17"
"172","17"
"173","17"
"174","17"
"175","17"
"180","18"
"181","18"
"182","18"
"183","18"
"184","18"
"200","20"
"201","20"
"202","20"
"203","20"
"204","20"
"205","20"
"210","21"
"211","21"
"212","21"
"213","21"
"214","21"
"215","21"
"216","21"
"1000","100"
"1001","100"
"1002","100"
"1003","100"
"1004","100"
"1005","100"
"1006","100"
"1010","101"
"1011","101"
"1012","101"
"1020","102"
"1021","102"
"1022","102"
"1023","102"
"1030","103"
"1031","103"
"1032","103"
"1033","103"
"1034","103"
"1035","103"
"1036","103"
"1037","103"
"1038","103"
"1100","110"
"1101","110"
"1102","110"
"1103","110"
"1104","110"
"1105","110"
"1106","110"
"1107","110"
"1108","110"
"1110","111"
"1111","111"
"1120","112"
"1121","112"
"1122","112"
"1123","112"
"1124","112"
"1125","112"
"1200","120"
"1201","120"
"1202","120"
"1203","120"
"1210","121"
"1211","121"
"1212","121"
"1213","121"
"1220","122"
"1221","122"
"1230","123"
"1231","123"
"1232","123"
"1233","123"
"1234","123"
"1235","123"
"1236","123"
"1237","123"
"1300","130"
"1310","131"
"1311","131"
"1312","131"
"1313","131"
"1314","131"
"1315","131"
"1320","132"
"1321","132"
"1322","132"
"1323","132"
"1324","132"
"1330","133"
"1331","133"
"1332","133"
"1333","133"
"1334","133"
"1335","133"
"1336","133"
"1340","134"
"1341","134"
"1350","135"
"1351","135"
"1352","135"
"1353","135"
"1354","135"
"1355","135"
"1360","136"
"1361","136"
"1400","140"
"1401","140"
"1402","140"
"1403","140"
"1410","141"
"1411","141"
"1412","141"
"1413","141"
"1414","141"
"1420","142"
"1421","142"
"1422","142"
"1423","142"
"1424","142"
"1425","142"
"1426","142"
"1427","142"
"1430","143"
"1431","143"
"1432","143"
"1433","143"
"1434","143"
"1435","143"
"1436","143"
"1437","143"
"1438","143"
"1440","144"
"1441","144"
"1442","144"
"1443","144"
"1450","145"
"1451","145"
"1452","145"
"1453","145"
"1454","145"
"1455","145"
"1456","145"
"1500","150"
"1510","151"
"1511","151"
"1512","151"
"1513","151"
"1514","151"
"1515","151"
"1516","151"
"1517","151"
"1518","151"
"1520","152"
"1521","152"
"1522","152"
"1523","152"
"1524","152"
"1525","152"
"1526","152"
"1527","152"
"1530","153"
"1531","153"
"1532","153"
"1600","160"
"1601","160"
"1602","160"
"1603","160"
"1610","161"
"1611","161"
"1612","161"
"1613","161"
"1614","161"
"1615","161"
"1616","161"
"1617","161"
"1620","162"
"1621","162"
"1622","162"
"1623","162"
"1624","162"
"1630","163"
"1631","163"
"1632","163"
"1633","163"
"1634","163"
"1635","163"
"1640","164"
"1641","164"
"1700","170"
"1701","170"
"1702","170"
"1703","170"
"1704","170"
"1705","170"
"1706","170"
"1707","170"
"1708","170"
"1710","171"
"1720","172"
"1721","172"
"1722","172"
"1730","173"
"1731","173"
"1732","173"
"1740","174"
"1750","175"
"1760","176"
"1770","177"
"1771","177"
"1772","177"
"1773","177"
"1774","177"
"1775","177"
"1780","178"
"1781","178"
"1782","178"
"1783","178"
"1784","178"
"1800","180"
"1810","181"
"2000","200"
"2001","200"
"2002","200"
"2003","200"
"2004","200"
"2005","200"
"2006","200"
"2007","200"
"2008","200"
"2010","201"
"2011","201"
"2012","201"
"2013","201"
"2014","201"
"2015","201"
"2016","201"
"2017","201"
"2018","201"
"2100","210"
"2101","210"
"2102","210"
"2103","210"
"2104","210"
"2105","210"
"2106","210"
"2110","211"
"2111","211"
"2112","211"
"2113","211"
"2114","211"
"2120","212"
"2121","212"
"2122","212"
"2123","212"
"2130","213"
"2131","213"
"2132","213"
"2133","213"
"2134","213"
"2135","213"
"2140","214"
"2141","214"
"2142","214"
"2143","214"
"2144","214"
"2145","214"
"2150","215"
"2151","215"
"2200","220"
"2201","220"
"2210","221"
"2211","221"
"2212","221"
"2213","221"
"2214","221"
"2215","221"
"2216","221"
"2217","221"
"2218","221"
"2300","230"
"2301","230"
"2302","230"
"2303","230"
"2304","230"
"2305","230"
"2310","231"
"2311","231"
"2312","231"
"2313","231"
"2314","231"
"2315","231"
"2316","231"
"2320","232"
"2321","232"
"2330","233"
"2331","233"
"2340","234"
"2341","234"
"2342","234"
"2343","234"
"2344","234"
"2345","234"
"2346","234"
"2347","234"
"2400","240"
"2401","240"
"2402","240"
"2410","241"
"2411","241"
"2412","241"
"2413","241"
"2420","242"
"2421","242"
"2422","242"
"2423","242"
"2424","242"
"2425","242"
"2426","242"
"2430","243"
"2440","244"
"2441","244"
"2450","245"
"2451","245"
"2452","245"
"2453","245"
"2454","245"
"2460","246"
"2461","246"
"2462","246"
"2470","247"
"2471","247"
"3000","300"
"3001","300"
"3010","301"
"3020","302"
"3021","302"
"3022","302"
"3023","302"
"3024","302"
"3025","302"
"3026","302"
"3100","310"
"3101","310"
"3102","310"
"3103","310"
"3104","310"
"3105","310"
"3106","310"
"3110","311"
"3200","320"
"3201","320"
"3202","320"
"3210","321"
"3211","321"
"3220","322"
"3300","330"
"3301","330"
"3302","330"
"3303","330"
"3304","330"
"3305","330"
"3306","330"
"3310","331"
"3311","331"
"3312","331"
"3320","332"
"3321","332"
"3322","332"
"3323","332"
"3324","332"
"3325","332"
"3326","332"
"3327","332"
"3330","333"
"3331","333"
"3332","333"
"3333","333"
"3334","333"
"3335","333"
"3336","333"
"3337","333"
"3340","334"
"3350","335"
"3351","335"
"3352","335"
"3353","335"
"3354","335"
"3360","336"
"3361","336"
"3362","336"
"3363","336"
"3364","336"
"3365","336"
"3370","337"
"3371","337"
"3372","337"
"3373","337"
"3374","337"
"3375","337"
"3376","337"
"3380","338"
"3381","338"
"3382","338"
"3383","338"
"3384","338"
"3385","338"
"3400","340"
"3401","340"
"3402","340"
"3403","340"
"3404","340"
"3405","340"
"3500","350"
"3501","350"
"3502","350"
"3503","350"
"3504","350"
"3505","350"
"3506","350"
"3507","350"
"3510","351"
"3511","351"
"3512","351"
"3513","351"
"3514","351"
"3515","351"
"3516","351"
"3520","352"
"3521","352"
"3522","352"
"3523","352"
"3524","352"
"3525","352"
"3526","352"
"3530","353"
"3531","353"
"3532","353"
"3533","353"
"3534","353"
"3540","354"
"3541","354"
"3542","354"
"3543","354"
"3550","355"
"3551","355"
"3552","355"
"3553","355"
"3554","355"
"3555","355"
"3556","355"
"3557","355"
"3558","355"
"3560","356"
"3561","356"
"3562","356"
"3563","356"
"3564","356"
"3565","356"
"3566","356"
"3567","356"
"3568","356"
"10000","1000"
"10001","1000"
"10002","1000"
"10003","1000"
"10004","1000"
"10005","1000"
"10006","1000"
"10007","1000"
"10008","1000"
"10010","1001"
"10011","1001"
"10012","1001"
"10020","1002"
"10021","1002"
"10022","1002"
"10023","1002"
"10024","1002"
"10030","1003"
"10031","1003"
"10032","1003"
"10033","1003"
"10034","1003"
"10035","1003"
"10040","1004"
"10041","1004"
"10042","1004"
"10050","1005"
"10051","1005"
"10052","1005"
"10053","1005"
"10054","1005"
"10055","1005"
"10056","1005"
"10057","1005"
"10060","1006"
"10061","1006"
"10062","1006"
"10063","1006"
"20000","2000"
"20001","2000"
"20002","2000"
"20003","2000"
"20004","2000"
"20005","2000"
"20006","2000"
"20007","2000"
"20010","2001"
"20011","2001"
"20012","2001"
"20013","2001"
"20014","2001"
"20020","2002"
"20021","2002"
"20022","2002"
"20023","2002"
"20024","2002"
"20030","2003"
"20031","2003"
"20032","2003"
"20033","2003"
"20034","2003"
"20035","2003"
"20036","2003"
"20037","2003"
"20038","2003"
"20100","2010"
"20110","2011"
"20111","2011"
"20112","2011"
"20113","2011"
"20114","2011"
"20115","2011"
"20116","2011"
"20120","2012"
"20121","2012"
"20130","2013"
"20131","2013"
"20132","2013"
"20133","2013"
"20140","2014"
"20141","2014"
"20142","2014"
"20143","2014"
"20144","2014"
"20145","2014"
"20146","2014"
"20147","2014"
"20200","2020"
"20201","2020"
"20202","2020"
"20203","2020"
"20204","2020"
"20205","2020"
"20206","2020"
"20207","2020"
"20210","2021"
"20211","2021"
"20212","2021"
"20300","2030"
"20301","2030"
"20302","2030"
"20303","2030"
"20304","2030"
"20305","2030"
"20306","2030"
"20310","2031"
"20311","2031"
"20312","2031"
"20313","2031"
"20314","2031"
"20315","2031"
"21000","2100"
"21010","2101"
"21011","2101"
"21012","2101"
"21013","2101"
"21020","2102"
"21021","2102"
"21022","2102"
"21023","2102"
"21024","2102"
"21025","2102"
"21026","2102"
"21030","2103"
"21031","2103"
"21032","2103"
"21040","2104"
"21041","2104"
"21042","2104"
"21050","2105"
"21051","2105"
"21052","2105"
"21053","2105"
"21054","2105"
"21055","2105"
"21056","2105"
"21057","2105"
"21058","2105"
"21100","2110"
"21101","2110"
"21102","2110"
"21103","2110"
"21110","2111"
"21111","2111"
"21112","2111"
"21113","2111"
"21114","2111"
"21115","2111"
"21120","2112"
"21121","2112"
"21122","2112"
"21200","2120"
"21201","2120"
"21202","2120"
"21203","2120"
"21204","2120"
"21205","2120"
"21210","2121"
"21220","2122"
"21221","2122"
"21222","2122"
"21223","2122"
"21230","2123"
"21231","2123"
"21232","2123"
"21233","2123"
"21234","2123"
"21235","2123"
"21236","2123"
"21237","2123"
"21240","2124"
"21241","2124"
"21242","2124"
"21243","2124"
"21250","2125"
"21251","2125"
"21252","2125"
"21253","2125"
"21254","2125"
"21255","2125"
"21256","2125"
"21257","2125"
"21300","2130"
"21310","2131"
"21320","2132"
"21321","2132"
"21330","2133"
"21331","2133"
"21332","2133"
"21333","2133"
"21334","2133"
"21335","2133"
"21336","2133"
"21337","2133"
"21340","2134"
"21341","2134"
"21350","2135"
"21351","2135"
"21352","2135"
"21353","2135"
"21354","2135"
"21355","2135"
"21360","2136"
"21361","2136"
"21362","2136"
"21363","2136"
"21364","2136"
"21365","2136"
"21366","2136"
"21367","2136"
"21370","2137"
"21371","2137"
"21372","2137"
"21373","2137"
"21374","2137"
"21375","2137"
"21376","2137"
"21380","2138"
"21381","2138"
"21382","2138"
"21383","2138"
"21400","2140"
"21401","2140"
"21402","2140"
"21403","2140"
"21404","2140"
"21405","2140"
"21406","2140"
"21407","2140"
"21410","2141"
"21411","2141"
"21420","2142"
"21421","2142"
"21422","2142"
"21423","2142"
"21430","2143"
"21431","2143"
"21432","2143"
"21433","2143"
"21440","2144"
"21441","2144"
"21442","2144"
"21443","2144"
"21444","2144"
"21445","2144"
"21446","2144"
"21447","2144"
"21448","2144"
"21450","2145"
"21451","2145"
"21452","2145"
"21453","2145"
"21454","2145"
"21455","2145"
"21460","2146"
"21461","2146"
"21462","2146"
"21463","2146"
"21464","2146"
"21465","2146"
"21466","2146"
"21467","2146"
"21468","2146"
"21500","2150"
"21501","2150"
"21502","2150"
"21503","2150"
"21504","2150"
"21510","2151"
"21520","2152"
"21521","2152"
"21522","2152"
"21523","2152"
"21524","2152"
"21525","2152"
"21530","2153"
"21531","2153"
"21532","2153"
"21533","2153"
"21534","2153"
"21535","2153"
"21536","2153"
"21537","2153"
"21540","2154"
"21541","2154"
"21542","2154"
"21543","2154"
"22000","2200"
"22001","2200"
"22002","2200"
"22010","2201"
"22011","2201"
"22012","2201"
"22013","2201"
"22014","2201"
"22015","2201"
"22016","2201"
"22017","2201"
"22018","2201"
"22020","2202"
"22021","2202"
"22022","2202"
"22030","2203"
"22031","2203"
"22032","2203"
"22033","2203"
"22034","2203"
"22035","2203"
"22036","2203"
"22037","2203"
"22038","2203"
"22100","2210"
"22101","2210"
"22102","2210"
"22103","2210"
"22104","2210"
"22200","2220"
"22201","2220"
"22202","2220"
"22203","2220"
"22210","2221"
"22211","2221"
"22220","2222"
"22221","2222"
"22222","2222"
"22230","2223"
"22231","2223"
"22232","2223"
"22233","2223"
"22234","2223"
"22235","2223"
"22240","2224"
"22241","2224"
"22300","2230"
"22301","2230"
"22302","2230"
"22303","2230"
"22304","2230"
"22305","2230"
"22306","2230"
"22307","2230"
"22310","2231"
"22311","2231"
"22400","2240"
"22401","2240"
"22402","2240"
"22403","2240"
"22410","2241"
"22411","2241"
"22412","2241"
"22413","2241"
"22414","2241"
"22415","2241"
"22416","2241"
"22417","2241"
"22418","2241"
"22420","2242"
"22421","2242"
"22430","2243"
"22431","2243"
"22432","2243"
"22433","2243"
"22434","2243"
"22435","2243"
"22440","2244"
"22441","2244"
"22442","2244"
"22443","2244"
"22444","2244"
"22445","2244"
"22446","2244"
"22500","2250"
"22501","2250"
"22510","2251"
"22520","2252"
"22521","2252"
"22522","2252"
"22523","2252"
"22524","2252"
"22525","2252"
"22526","2252"
"22530","2253"
"22531","2253"
"22532","2253"
"22533","2253"
"22534","2253"
"22535","2253"
"22536","2253"
"22537","2253"
"22538","2253"
"22540","2254"
"22541","2254"
"22542","2254"
"22543","2254"
"22544","2254"
"22545","2254"
"22546","2254"
"22547","2254"
"22600","2260"
"22601","2260"
"22602","2260"
"22603","2260"
"22604","2260"
"22610","2261"
"22611","2261"
"22612","2261"
"22613","2261"
"22614","2261"
"22620","2262"
"22621","2262"
"22622","2262"
"22623","2262"
"22624","2262"
"22625","2262"
"22626","2262"
"22627","2262"
"22628","2262"
"22630","2263"
"22640","2264"
"22641","2264"
"22642","2264"
"22643","2264"
"22644","2264"
"22645","2264"
"22646","2264"
"22650","2265"
"22651","2265"
"22652","2265"
"22653","2265"
"22654","2265"
"22660","2266"
"22661","2266"
"22662","2266"
"22663","2266"
"22670","2267"
"22671","2267"
"22672","2267"
"22700","2270"
"22701","2270"
"22702","2270"
"22800","2280"
"22801","2280"
"22802","2280"
"22803","2280"
"22804","2280"
"22805","2280"
"22810","2281"
"22811","2281"
"22812","2281"
"22813","2281"
"22820","2282"
"22821","2282"
"22822","2282"
"22830","2283"
"22831","2283"
"22832","2283"
"22833","2283"
"22834","2283"
"22840","2284"
"22850","2285"
"22851","2285"
"22852","2285"
"22860","2286"
"22870","2287"
"22871","2287"
"22872","2287"
"23000","2300"
"23001","2300"
"23002","2300"
"23003","2300"
"23004","2300"
"23005","2300"
"23006","2300"
"23010","2301"
"23011","2301"
"23012","2301"
"23013","2301"
"23014","2301"
"23015","2301"
"23020","2302"
"23021","2302"
"23022","2302"
"23023","2302"
"23030","2303"
"23031","2303"
"23032","2303"
"23033","2303"
"23034","2303"
"23035","2303"
"23036","2303"
"23037","2303"
"23038","2303"
"24000","2400"
"24001","2400"
"24002","2400"
"24003","2400"
"24004","2400"
"24005","2400"
"24006","2400"
"24100","2410"
"24101","2410"
"24102","2410"
"24103","2410"
"24104","2410"
"24105","2410"
"24110","2411"
"24111","2411"
"24112","2411"
"24113","2411"
"24114","2411"
"24115","2411"
"24116","2411"
"24117","2411"
"24118","2411"
"24120","2412"
"24200","2420"
"24201","2420"
"25000","2500"
"25001","2500"
"25010","2501"
"25011","2501"
"25012","2501"
"25020","2502"
"25021","2502"
"25030","2503"
"25031","2503"
"25032","2503"
"25033","2503"
"25034","2503"
"25035","2503"
"25036","2503"
"25037","2503"
"25040","2504"
"25041","2504"
"25042","2504"
"25043","2504"
"25044","2504"
"25045","2504"
"25046","2504"
"25047","2504"
"25050","2505"
"25051","2505"
"25052","2505"
"25053","2505"
"25054","2505"
"25055","2505"
"25056","2505"
"25060","2506"
"25061","2506"
"25062","2506"
"25070","2507"
"25071","2507"
"25072","2507"
"25073","2507"
"25074","2507"
"25075","2507"
"25076","2507"
"25077","2507"
"25078","2507"
"25080","2508"
"25081","2508"
"25082","2508"
"25083","2508"
"25084","2508"
"25085","2508"
"25100","2510"
"25101","2510"
"25102","2510"
"25103","2510"
"25104","2510"
"25105","2510"
"25110","2511"
"25111","2511"
"25112","2511"
"25113","2511"
"25114","2511"
"25115","2511"
"25120","2512"
"25121","2512"
"25122","2512"
"25130","2513"
"25131","2513"
"25132","2513"
"25133","2513"
"25134","2513"
"25135","2513"
"25136","2513"
"25137","2513"
"25138","2513"
"25140","2514"
"25150","2515"
"25151","2515"
"25152","2515"
"25153","2515"
"25154","2515"
"25155","2515"
"25160","2516"
"25161","2516"
"25162","2516"
"25163","2516"
"25170","2517"
"25171","2517"
"25172","2517"
"25200","2520"
"25201","2520"
"25202","2520"
"25203","2520"
"25210","2521"
"25211","2521"
"25212","2521"
"25213","2521"
"25214","2521"
"25215","2521"
"25216","2521"
"25220","2522"
"25221","2522"
"25222","2522"
"25223","2522"
"25224","2522"
"25225","2522"
"25230","2523"
"25231","2523"
"25240","2524"
"25241","2524"
"25242","2524"
"25243","2524"
"25250","2525"
"25251","2525"
"25252","2525"
"25253","2525"
"25254","2525"
"25255","2525"
"25256","2525"
"25257","2525"
"25260","2526"
"25261","2526"
"25262","2526"
"25263","2526"
"25264","2526"
"25265","2526"
"25270","2527"
"25271","2527"
"25272","2527"
"25273","2527"
"26000","2600"
"26001","2600"
"26002","2600"
"26003","2600"
"26010","2601"
"26011","2601"
"26012","2601"
"26013","2601"
"26014","2601"
"26015","2601"
"26016","2601"
"26017","2601"
"26020","2602"
"26021","2602"
"26022","2602"
"26030","2603"
"26031","2603"
"26040","2604"
"26041","2604"
"26042","2604"
"26043","2604"
"26044","2604"
"26045","2604"
"26050","2605"
"26051","2605"
"26052","2605"
"26053","2605"
"26054","2605"
"26055","2605"
"26056","2605"
"26060","2606"
"26061","2606"
"26062","2606"
"26063","2606"
"26064","2606"
"26070","2607"
"26071","2607"
"26072","2607"
"26100","2610"
"26101","2610"
"26102","2610"
"26103","2610"
"26104","2610"
"26110","2611"
"26111","2611"
"26112","2611"
"26113","2611"
"26120","2612"
"26121","2612"
"26122","2612"
"26130","2613"
"26131","2613"
"26132","2613"
"26133","2613"
"26140","2614"
"26141","2614"
"26142","2614"
"26143","2614"
"26144","2614"
"26145","2614"
"30000","3000"
"30010","3001"
"30011","3001"
"30012","3001"
"30013","3001"
"30014","3001"
"30020","3002"
"30021","3002"
"30030","3003"
"30031","3003"
"30040","3004"
"30041","3004"
"30042","3004"
"30100","3010"
"30101","3010"
"30102","3010"
"30103","3010"
"30104","3010"
"30105","3010"
"30110","3011"
"30111","3011"
"30112","3011"
"30113","3011"
"30114","3011"
"30115","3011"
"30116","3011"
"31000","3100"
"31001","3100"
"31002","3100"
"31003","3100"
"31004","3100"
"31010","3101"
"31011","3101"
"31012","3101"
"31013","3101"
"31014","3101"
"31015","3101"
"31016","3101"
"31017","3101"
"31020","3102"
"31021","3102"
"31022","3102"
"31030","3103"
"31031","3103"
"31040","3104"
"31050","3105"
"31051","3105"
"31052","3105"
"31053","3105"
"31054","3105"
"31055","3105"
"31056","3105"
"31060","3106"
"31061","3106"
"31062","3106"
"31063","3106"
"31064","3106"
"31065","3106"
"31070","3107"
"31071","3107"
"31072","3107"
"31073","3107"
"31074","3107"
"31100","3110"
"31101","3110"
"31102","3110"
"31110","3111"
"31111","3111"
"31112","3111"
"31120","3112"
"31121","3112"
"31122","3112"
"31130","3113"
"31140","3114"
"31141","3114"
"31142","3114"
"31143","3114"
"31144","3114"
"31145","3114"
"31146","3114"
"31147","3114"
"31150","3115"
"31200","3120"
"31201","3120"
"31210","3121"
"31211","3121"
"31212","3121"
"31213","3121"
"31220","3122"
"31221","3122"
"31222","3122"
"31223","3122"
"31224","3122"
"31230","3123"
"31231","3123"
"31232","3123"
"31233","3123"
"31240","3124"
"31300","3130"
"31301","3130"
"31310","3131"
"31311","3131"
"31312","3131"
"31313","3131"
"31314","3131"
"31315","3131"
"31316","3131"
"31320","3132"
"31321","3132"
"31322","3132"
"31323","3132"
"31324","3132"
"31330","3133"
"31331","3133"
"40000","4000"
"40001","4000"
"40002","4000"
"40003","4000"
"40010","4001"
"40011","4001"
"40012","4001"
"40013","4001"
"40014","4001"
"40015","4001"
"40016","4001"
"40017","4001"
"40018","4001"
"40020","4002"
"40021","4002"
"40022","4002"
"40023","4002"
"40024","4002"
"40025","4002"
"40026","4002"
"40027","4002"
"40028","4002"
"40030","4003"
"40031","4003"
"40032","4003"
"40033","4003"
"40034","4003"
"40035","4003"
"40040","4004"
"40041","4004"
"40042","4004"
"40043","4004"
"40050","4005"
"40051","4005"
"40052","4005"
"40053","4005"
"40054","4005"
"40055","4005"
"40056","4005"
"40057","4005"
"40060","4006"
"40061","4006"
"40062","4006"
"40063","4006"
"40064","4006"
"40065","4006"
"40066","4006"
"40070","4007"
"40071","4007"
"40072","4007"
"40073","4007"
"40080","4008"
"40081","4008"
"40082","4008"
"40083","4008"
"40084","4008"
"40085","4008"
"40086","4008"
"40100","4010"
"40110","4011"
"40111","4011"
"40112","4011"
"40113","4011"
"40114","4011"
"40115","4011"
"40116","4011"
"40117","4011"
"40118","4011"
"40120","4012"
"40121","4012"
"40122","4012"
"40123","4012"
"40124","4012"
"40130","4013"
"40131","4013"
"40140","4014"
"40141","4014"
"40150","4015"
"40151","4015"
"40152","4015"
"40153","4015"
"40160","4016"
"40161","4016"
"40170","4017"
"40171","4017"
"40172","4017"
"40173","4017"
"40174","4017"
"40175","4017"
"40180","4018"
"40181","4018"
"40182","4018"
"40200","4020"
"40201","4020"
"40210","4021"
"40211","4021"
"40300","4030"
"40400","4040"
"40401","4040"
"40402","4040"
"40410","4041"
"40411","4041"
"40412","4041"
"40413","4041"
"40414","4041"
"40415","4041"
"40416","4041"
"40417","4041"
"40420","4042"
"40430","4043"
"40431","4043"
"40432","4043"
"40440","4044"
"40441","4044"
"40442","4044"
"40443","4044"
"40444","4044"
"40445","4044"
"40446","4044"
"40447","4044"
"40448","4044"
"40450","4045"
"40451","4045"
"40452","4045"
"40453","4045"
"40454","4045"
"40455","4045"
"40456","4045"
"40457","4045"
"40458","4045"
"40460","4046"
"40461","4046"
"40470","4047"
"40500","4050"
"40501","4050"
"40510","4051"
"40511","4051"
"40520","4052"
"40521","4052"
"40522","4052"
"40530","4053"
"40531","4053"
"40532","4053"
"40533","4053"
"40534","4053"
"40540","4054"
"40541","4054"
"40542","4054"
"40543","4054"
"40550","4055"
"40551","4055"
"40552","4055"
"40553","4055"
"40554","4055"
"40600","4060"
"40601","4060"
"40602","4060"
"40603","4060"
"40604","4060"
"40605","4060"
"40606","4060"
"40610","4061"
"40611","4061"
"40612","4061"
"40613","4061"
"40614","4061"
"40615","4061"
"40616","4061"
"40617","4061"
"40620","4062"
"40621","4062"
"40622","4062"
"40623","4062"
"40624","4062"
"40625","4062"
"40626","4062"
"40630","4063"
"40631","4063"
"40632","4063"
"40633","4063"
"40634","4063"
"40635","4063"
"40636","4063"
"40637","4063"
"40640","4064"
"40641","4064"
"40650","4065"
"40651","4065"
"40652","4065"
"40653","4065"
"40654","4065"
"40655","4065"
"40660","4066"
"40661","4066"
"40662","4066"
"40663","4066"
"40664","4066"
"40665","4066"
"40700","4070"
"40701","4070"
"40702","4070"
"40710","4071"
"40711","4071"
"40712","4071"
"40713","4071"
"40714","4071"
"40715","4071"
"40716","4071"
"40720","4072"
"40721","4072"
"40722","4072"
"40723","4072"
"40724","4072"
"40725","4072"
"41000","4100"
"41001","4100"
"41010","4101"
"41011","4101"
"41012","4101"
"41013","4101"
"41014","4101"
"41015","4101"
"41016","4101"
"41017","4101"
"41020","4102"
"41021","4102"
"41022","4102"
"41023","4102"
"41024","4102"
"41025","4102"
"41026","4102"
"41027","4102"
"41028","4102"
"41030","4103"
"41031","4103"
"41032","4103"
"41033","4103"
"41034","4103"
"41035","4103"
"41036","4103"
"41037","4103"
"41100","4110"
"41101","4110"
"41102","4110"
"41103","4110"
"41104","4110"
"41105","4110"
"41106","4110"
"41107","4110"
"41108","4110"
"41110","4111"
"41111","4111"
"41112","4111"
"41113","4111"
"41114","4111"
"41115","4111"
"41120","4112"
"41121","4112"
"41122","4112"
"41123","4112"
"41124","4112"
"41125","4112"
"41130","4113"
"41140","4114"
"41141","4114"
"41142","4114"
"41150","4115"
"41151","4115"
"41152","4115"
"41153","4115"
"41154","4115"
"41155","4115"
"41156","4115"
"41157","4115"
"41158","4115"
"41160","4116"
"41161","4116"
"41162","4116"
"41163","4116"
"41164","4116"
"41165","4116"
"41170","4117"
"41171","4117"
"41172","4117"
"41180","4118"
"41181","4118"
"41182","4118"
"41183","4118"
"41184","4118"
"41185","4118"
"41186","4118"
"41187","4118"
"42000","4200"
"42001","4200"
"42010","4201"
"42011","4201"
"42012","4201"
"42013","4201"
"42020","4202"
"42021","4202"
"42022","4202"
"42023","4202"
"42024","4202"
"42100","4210"
"42101","4210"
"42102","4210"
"42103","4210"
"42104","4210"
"42105","4210"
"42106","4210"
"42110","4211"
"42111","4211"
"42112","4211"
"42113","4211"
"42114","4211"
"42115","4211"
"42116","4211"
"42117","4211"
"42118","4211"
"42120","4212"
"42121","4212"
"42122","4212"
"42123","4212"
"42130","4213"
"42131","4213"
"42132","4213"
"42133","4213"
"42134","4213"
"42135","4213"
"42140","4214"
"42150","4215"
"42151","4215"
"42152","4215"
"42200","4220"
"42201","4220"
"42210","4221"
"42211","4221"
"42212","4221"
"42220","4222"
"42221","4222"
"42222","4222"
"42223","4222"
"42224","4222"
"42225","4222"
"42300","4230"
"42301","4230"
"42302","4230"
"42303","4230"
"42310","4231"
"42320","4232"
"42321","4232"
"42322","4232"
"42330","4233"
"42331","4233"
"42332","4233"
"42340","4234"
"42341","4234"
"42342","4234"
"42350","4235"
"42351","4235"
"42352","4235"
"42353","4235"
"42354","4235"
"42355","4235"
"42356","4235"
"42360","4236"
"42361","4236"
"42362","4236"
"42363","4236"
"42364","4236"
"42370","4237"
"42371","4237"
"42372","4237"
"42373","4237"
"42380","4238"
"42381","4238"
"42382","4238"
"42383","4238"
"42384","4238"
"42385","4238"
"42386","4238"
"42387","4238"
"42400","4240"
"42401","4240"
"42410","4241"
"42411","4241"
"42412","4241"
"42420","4242"
"42421","4242"
"42422","4242"
"42430","4243"
"42431","4243"
"42432","4243"
"42433","4243"
"42434","4243"
"42440","4244"
"42441","4244"
"42442","4244"
"42500","4250"
"42501","4250"
"42502","4250"
"42503","4250"
"42504","4250"
"42505","4250"
"42506","4250"
"42507","4250"
"42508","4250"
"42510","4251"
"42511","4251"
"42512","4251"
"42513","4251"
"42514","4251"
"42515","4251"
"42520","4252"
"42521","4252"
"42530","4253"
"42531","4253"
"42532","4253"
"42533","4253"
"42534","4253"
"42535","4253"
"42536","4253"
"42537","4253"
"42540","4254"
"42541","4254"
"42542","4254"
"42550","4255"
"42551","4255"
"42552","4255"
"42553","4255"
"42554","4255"
"42555","4255"
"42556","4255"
"42557","4255"
"42560","4256"
"42561","4256"
"42562","4256"
"42563","4256"
"42564","4256"
"42565","4256"
"42570","4257"
"42571","4257"
"43000","4300"
"43001","4300"
"43002","4300"
"43003","4300"
"43004","4300"
"43005","4300"
"43006","4300"
"43007","4300"
"43100","4310"
"43101","4310"
"43102","4310"
"43103","4310"
"43104","4310"
"43105","4310"
"43106","4310"
"43107","4310"
"43108","4310"
"43110","4311"
"43111","4311"
"43200","4320"
"43201","4320"
"43202","4320"
"43203","4320"
"43204","4320"
"43205","4320"
"43206","4320"
"43210","4321"
"43211","4321"
"43212","4321"
"43213","4321"
"43214","4321"
"43215","4321"
"43220","4322"
"43221","4322"
"43222","4322"
"43223","4322"
"43224","4322"
"43225","4322"
"43226","4322"
"43227","4322"
"43228","4322"
"43230","4323"
"43240","4324"
"43241","4324"
"43242","4324"
"43243","4324"
"43244","4324"
"43245","4324"
"43246","4324"
"43250","4325"
"43251","4325"
"43252","4325"
"43253","4325"
"43254","4325"
"43255","4325"
"43256","4325"
"43257","4325"
"43260","4326"
"43261","4326"
"43262","4326"
"43263","4326"
"43264","4326"
"43265","4326"
"43266","4326"
"43267","4326"
"43270","4327"
"44000","4400"
"44001","4400"
"44010","4401"
"44011","4401"
"44012","4401"
"44020","4402"
"44021","4402"
"44022","4402"
"44023","4402"
"44024","4402"
"44025","4402"
"44100","4410"
"44101","4410"
"44102","4410"
"44103","4410"
"44104","4410"
"44105","4410"
"44106","4410"
"44107","4410"
"44108","4410"
"45000","4500"
"45001","4500"
"45002","4500"
"45003","4500"
"45010","4501"
"45011","4501"
"45012","4501"
"45013","4501"
"45014","4501"
"45015","4501"
"45020","4502"
"45021","4502"
"45022","4502"
"45023","4502"
"45024","4502"
"45030","4503"
"45040","4504"
"45041","4504"
"45042","4504"
"45043","4504"
"45050","4505"
"45051","4505"
"45052","4505"
"45053","4505"
"45054","4505"
"45055","4505"
"45056","4505"
"45060","4506"
"45061","4506"
"45062","4506"
"45063","4506"
"45064","4506"
"45065","4506"
"45100","4510"
"45110","4511"
"45111","4511"
"45112","4511"
"45120","4512"
"45121","4512"
"45130","4513"
"45131","4513"
"45140","4514"
"45141","4514"
"45150","4515"
"45151","4515"
"45152","4515"
"45153","4515"
"45154","4515"
"45155","4515"
"45160","4516"
"45161","4516"
"45170","4517"
"45171","4517"
"45172","4517"
"45173","4517"
"45174","4517"
"45175","4517"
"45176","4517"
"45180","4518"
"45181","4518"
"45182","4518"
"45183","4518"
"45184","4518"
"45185","4518"
"45186","4518"
"45187","4518"
"45188","4518"
"45200","4520"
"45201","4520"
"45202","4520"
"45203","4520"
"45204","4520"
"45205","4520"
"45210","4521"
"45211","4521"
"45212","4521"
"45213","4521"
"45214","4521"
"45215","4521"
"45216","4521"
"45217","4521"
"45218","4521"
"45220","4522"
"45221","4522"
"45222","4522"
"45223","4522"
"45230","4523"
"45231","4523"
"45232","4523"
"45233","4523"
"45240","4524"
"45241","4524"
"45242","4524"
"45243","4524"
"45244","4524"
"45245","4524"
"45246","4524"
"45247","4524"
"45250","4525"
"45251","4525"
"45252","4525"
"45253","4525"
"45254","4525"
"45255","4525"
"45256","4525"
"45260","4526"
"45261","4526"
"45262","4526"
"45263","4526"
"45264","4526"
"45265","4526"
"45266","4526"
"45267","4526"
"45268","4526"
"45270","4527"
"45271","4527"
"45300","4530"
"45301","4530"
"45302","4530"
"45400","4540"
"45401","4540"
"45410","4541"
"45411","4541"
"45412","4541"
"45413","4541"
"45420","4542"
"45421","4542"
"45422","4542"
"45423","4542"
"45424","4542"
"45425","4542"
"45426","4542"
"45430","4543"
"45431","4543"
"45432","4543"
"45433","4543"
"45434","4543"
"45500","4550"
"45501","4550"
"45502","4550"
"45503","4550"
"45510","4551"
"45520","4552"
"45521","4552"
"45522","4552"
"45523","4552"
"45524","4552"
"45525","4552"
"45526","4552"
"45527","4552"
"45530","4553"
"45531","4553"
"45532","4553"
"45533","4553"
"45534","4553"
"45535","4553"
"45536","4553"
"45600","4560"
"45601","4560"
"45602","4560"
"45603","4560"
"45604","4560"
"45605","4560"
"45610","4561"
"45620","4562"
"45621","4562"
"45630","4563"
"45631","4563"
"45632","4563"
"45633","4563"
"45640","4564"
"45641","4564"
"45642","4564"
"45643","4564"
"45644","4564"
"45650","4565"
"45660","4566"
"45661","4566"
"45662","4566"
"45663","4566"
"45664","4566"
"45665","4566"
"45666","4566"
"45667","4566"
"46000","4600"
"46001","4600"
"46002","4600"
"46010","4601"
"46020","4602"
"46021","4602"
"46022","4602"
"46023","4602"
"46024","4602"
"46025","4602"
"47000","4700"
"47001","4700"
"47002","4700"
"47003","4700"
"47004","4700"
"47005","4700"
"47010","4701"
"47011","4701"
"47012","4701"
"47020","4702"
"47030","4703"
"47031","4703"
"47032","4703"
"47033","4703"
"47034","4703"
"47035","4703"
"47036","4703"
"47040","4704"
"47041","4704"
"47042","4704"
"47043","4704"
"47044","4704"
"47100","4710"
"47101","4710"
"47102","4710"
"47103","4710"
"47104","4710"
"47105","4710"
"47106","4710"
"47107","4710"
"47108","4710"
"47110","4711"
"47111","4711"
"47112","4711"
"47120","4712"
"47121","4712"
"47122","4712"
"47123","4712"
"47130","4713"
"47131","4713"
"47132","4713"
"47133","4713"
"47134","4713"
"47135","4713"
"47140","4714"
"47141","4714"
"47142","4714"
"47143","4714"
"47144","4714"
"47145","4714"
"47146","4714"
"47147","4714"
"47200","4720"
"47201","4720"
"47202","4720"
"47203","4720"
"47204","4720"
"47205","4720"
"47210","4721"
"47211","4721"
"47212","4721"
"47213","4721"
"47214","4721"
"47215","4721"
"47216","4721"
"47220","4722"
"47221","4722"
"47222","4722"
"47223","4722"
"47224","4722"
"47225","4722"
"47226","4722"
"47230","4723"
"47231","4723"
"47232","4723"
"47233","4723"
"47234","4723"
"47240","4724"
"47241","4724"
"47242","4724"
"47243","4724"
"47244","4724"
"47300","4730"
"47301","4730"
"47310","4731"
"47311","4731"
"47312","4731"
"47313","4731"
"47314","4731"
"47315","4731"
"47316","4731"
"47317","4731"
"47318","4731"
"47320","4732"
"47321","4732"
"47322","4732"
"47330","4733"
"47331","4733"
"47332","4733"
"47333","4733"
"47334","4733"
"47335","4733"
"47340","4734"
"47341","4734"
"47342","4734"
"47343","4734"
"47344","4734"
"47345","4734"
"47346","4734"
"47350","4735"
"47351","4735"
"47352","4735"
"47360","4736"
"47361","4736"
"47362","4736"
"47363","4736"
"47364","4736"
"47365","4736"
"47366","4736"
"47367","4736"
"47368","4736"
"47400","4740"
"47401","4740"
"47402","4740"
"47410","4741"
"47411","4741"
"47412","4741"
"47420","4742"
"47421","4742"
"47422","4742"
"47423","4742"
"47430","4743"
"47431","4743"
"47432","4743"
"47433","4743"
"47434","4743"
"47435","4743"
"47436","4743"
"47437","4743"
"47440","4744"
"47441","4744"
"47442","4744"
"47443","4744"
"47444","4744"
"47445","4744"
"47446","4744"
"47450","4745"
"47451","4745"
"47452","4745"
"47453","4745"
"47454","4745"
"47455","4745"
"47456","4745"
"47457","4745"
"47460","4746"
"47461","4746"
"47462","4746"
"47463","4746"
"47464","4746"
"47470","4747"
"47471","4747"
"47472","4747"
"47473","4747"
"47474","4747"
"47475","4747"
"47476","4747"
"47477","4747"
"47478","4747"
"47480","4748"
"47481","4748"
"47482","4748"
"47483","4748"
"47484","4748"
"47485","4748"
"47486","4748"
"47487","4748"
"47488","4748"
"47500","4750"
"47501","4750"
"47502","4750"
"47503","4750"
"47504","4750"
"47505","4750"
"47506","4750"
"47510","4751"
"47511","4751"
"47512","4751"
"47513","4751"
"47514","4751"
"47515","4751"
"47516","4751"
"47520","4752"
"47521","4752"
"47522","4752"
"47523","4752"
"47524","4752"
"47530","4753"
"47531","4753"
"47532","4753"
"47533","4753"
"47534","4753"
"47540","4754"
"47541","4754"
"47550","4755"
"47560","4756"
"47561","4756"
"47562","4756"
"47600","4760"
"47601","4760"
"47602","4760"
"47603","4760"
"47604","4760"
"47610","4761"
"47611","4761"
"47612","4761"
"47613","4761"
"47614","4761"
"47620","4762"
"47630","4763"
"47640","4764"
"50000","5000"
"50001","5000"
"50002","5000"
"50003","5000"
"50010","5001"
"50011","5001"
"50012","5001"
"50013","5001"
"50014","5001"
"50015","5001"
"50020","5002"
"50021","5002"
"50022","5002"
"50023","5002"
"50024","5002"
"50030","5003"
"50031","5003"
"50032","5003"
"51000","5100"
"51001","5100"
"51002","5100"
"51003","5100"
"51004","5100"
"51005","5100"
"51010","5101"
"51011","5101"
"51012","5101"
"51013","5101"
"51020","5102"
"51021","5102"
"51022","5102"
"51023","5102"
"51024","5102"
"51025","5102"
"51026","5102"
"51027","5102"
"51028","5102"
"51100","5110"
"51101","5110"
"51102","5110"
"51103","5110"
"51104","5110"
"51105","5110"
"51106","5110"
"51107","5110"
"51108","5110"
"51110","5111"
"51111","5111"
"51112","5111"
"51113","5111"
"51114","5111"
"51115","5111"
"51116","5111"
"51120","5112"
"51121","5112"
"51122","5112"
"51123","5112"
"51124","5112"
"51125","5112"
"51126","5112"
"51127","5112"
"51128","5112"
"51200","5120"
"51201","5120"
"51202","5120"
"51210","5121"
"51211","5121"
"51212","5121"
"51220","5122"
"51221","5122"
"51222","5122"
"51230","5123"
"51231","5123"
"51232","5123"
"51233","5123"
"51234","5123"
"51235","5123"
"51236","5123"
"51240","5124"
"51300","5130"
"51310","5131"
"51311","5131"
"51312","5131"
"51313","5131"
"51314","5131"
"51315","5131"
"51316","5131"
"51317","5131"
"51318","5131"
"51320","5132"
"51321","5132"
"51400","5140"
"51401","5140"
"51402","5140"
"51403","5140"
"51410","5141"
"51411","5141"
"51412","5141"
"51413","5141"
"51414","5141"
"51420","5142"
"51421","5142"
"51422","5142"
"51423","5142"
"51424","5142"
"51425","5142"
"51426","5142"
"51427","5142"
"51428","5142"
"51430","5143"
"51431","5143"
"51432","5143"
"51433","5143"
"51434","5143"
"51435","5143"
"51436","5143"
"51437","5143"
"51440","5144"
"51441","5144"
"51442","5144"
"51443","5144"
"51444","5144"
"51445","5144"
"51446","5144"
"51450","5145"
"51451","5145"
"51460","5146"
"51461","5146"
"51470","5147"
"51471","5147"
"51472","5147"
"51473","5147"
"51474","5147"
"51475","5147"
"51480","5148"
"51481","5148"
"51500","5150"
"51501","5150"
"51502","5150"
"51503","5150"
"51510","5151"
"51511","5151"
"51512","5151"
"51600","5160"
"51601","5160"
"51602","5160"
"51603","5160"
"51604","5160"
"51610","5161"
"51611","5161"
"51620","5162"
"51630","5163"
"51631","5163"
"51632","5163"
"51633","5163"
"51634","5163"
"51635","5163"
"51640","5164"
"51641","5164"
"51642","5164"
"51650","5165"
"51651","5165"
"51652","5165"
"51653","5165"
"51654","5165"
"51655","5165"
"51656","5165"
"51657","5165"
"51660","5166"
"51661","5166"
"51700","5170"
"51701","5170"
"51702","5170"
"51703","5170"
"51710","5171"
"51711","5171"
"51712","5171"
"51713","5171"
"51720","5172"
"51730","5173"
"51731","5173"
"51732","5173"
"51733","5173"
"51734","5173"
"51735","5173"
"51740","5174"
"51741","5174"
"51742","5174"
"51750","5175"
"51751","5175"
"51752","5175"
"51753","5175"
"51754","5175"
"51755","5175"
"51756","5175"
"51757","5175"
"51760","5176"
"51761","5176"
"51762","5176"
"51763","5176"
"51764","5176"
"51765","5176"
"51770","5177"
"51771","5177"
"51772","5177"
"51773","5177"
"51774","5177"
"51775","5177"
"51780","5178"
"51781","5178"
"51782","5178"
"51783","5178"
"51784","5178"
"51785","5178"
"51786","5178"
"51787","5178"
"51788","5178"
"52000","5200"
"52001","5200"
"52002","5200"
"52003","5200"
"52004","5200"
"52005","5200"
"52100","5210"
"52101","5210"
"52110","5211"
"52111","5211"
"52120","5212"
"52121","5212"
"52122","5212"
"52130","5213"
"52131","5213"
"52132","5213"
"52133","5213"
"52134","5213"
"52140","5214"
